<?xml version="1.0" encoding="utf-8"?>
	<annotation>
		<folder>driving_annotation_dataset</folder>
		<filename>105_2.jpg</filename>
		<size>
			<width>136</width>
			<height>136</height>
			<depth>3</depth>
		</size>
		<object>
			<name>yellow</name>
			<pose>Unspecified</pose>
			<truncated>0</truncated>
			<difficult>0</difficult>
			<bndbox>
				<xmin>2</xmin>
				<ymin>80</ymin>
				<xmax>44</xmax>
				<ymax>133</ymax>
			</bndbox>
		</object>
		<object>
			<name>green</name>
			<pose>Unspecified</pose>
			<truncated>0</truncated>
			<difficult>0</difficult>
			<bndbox>
				<xmin>40</xmin>
				<ymin>115</ymin>
				<xmax>78</xmax>
				<ymax>137</ymax>
			</bndbox>
		</object>
		<object>
			<name>red</name>
			<pose>Unspecified</pose>
			<truncated>0</truncated>
			<difficult>0</difficult>
			<bndbox>
				<xmin>76</xmin>
				<ymin>92</ymin>
				<xmax>125</xmax>
				<ymax>136</ymax>
			</bndbox>
		</object>
	</annotation>
