<?xml version="1.0" encoding="utf-8"?>
	<annotation>
		<folder>driving_annotation_dataset</folder>
		<filename>110_1.jpg</filename>
		<size>
			<width>122</width>
			<height>122</height>
			<depth>3</depth>
		</size>
		<object>
			<name>needle</name>
			<pose>Unspecified</pose>
			<truncated>0</truncated>
			<difficult>0</difficult>
			<bndbox>
				<xmin>29</xmin>
				<ymin>9</ymin>
				<xmax>50</xmax>
				<ymax>39</ymax>
			</bndbox>
		</object>
		<object>
			<name>yellow</name>
			<pose>Unspecified</pose>
			<truncated>0</truncated>
			<difficult>0</difficult>
			<bndbox>
				<xmin>41</xmin>
				<ymin>1</ymin>
				<xmax>96</xmax>
				<ymax>25</ymax>
			</bndbox>
		</object>
		<object>
			<name>green</name>
			<pose>Unspecified</pose>
			<truncated>0</truncated>
			<difficult>0</difficult>
			<bndbox>
				<xmin>11</xmin>
				<ymin>6</ymin>
				<xmax>46</xmax>
				<ymax>34</ymax>
			</bndbox>
		</object>
		<object>
			<name>red</name>
			<pose>Unspecified</pose>
			<truncated>0</truncated>
			<difficult>0</difficult>
			<bndbox>
				<xmin>1</xmin>
				<ymin>31</ymin>
				<xmax>25</xmax>
				<ymax>84</ymax>
			</bndbox>
		</object>
	</annotation>
