<?xml version="1.0" encoding="utf-8"?>
	<annotation>
		<folder>driving_annotation_dataset</folder>
		<filename>110_2.jpg</filename>
		<size>
			<width>140</width>
			<height>140</height>
			<depth>3</depth>
		</size>
		<object>
			<name>red</name>
			<pose>Unspecified</pose>
			<truncated>0</truncated>
			<difficult>0</difficult>
			<bndbox>
				<xmin>1</xmin>
				<ymin>80</ymin>
				<xmax>47</xmax>
				<ymax>126</ymax>
			</bndbox>
		</object>
		<object>
			<name>green</name>
			<pose>Unspecified</pose>
			<truncated>0</truncated>
			<difficult>0</difficult>
			<bndbox>
				<xmin>2</xmin>
				<ymin>42</ymin>
				<xmax>23</xmax>
				<ymax>80</ymax>
			</bndbox>
		</object>
		<object>
			<name>yellow</name>
			<pose>Unspecified</pose>
			<truncated>0</truncated>
			<difficult>0</difficult>
			<bndbox>
				<xmin>8</xmin>
				<ymin>2</ymin>
				<xmax>57</xmax>
				<ymax>48</ymax>
			</bndbox>
		</object>
	</annotation>
