<?xml version="1.0" encoding="utf-8"?>
	<annotation>
		<folder>driving_annotation_dataset</folder>
		<filename>155_1.jpg</filename>
		<size>
			<width>110</width>
			<height>110</height>
			<depth>3</depth>
		</size>
		<object>
			<name>needle</name>
			<pose>Unspecified</pose>
			<truncated>0</truncated>
			<difficult>0</difficult>
			<bndbox>
				<xmin>82</xmin>
				<ymin>28</ymin>
				<xmax>106</xmax>
				<ymax>46</ymax>
			</bndbox>
		</object>
		<object>
			<name>red</name>
			<pose>Unspecified</pose>
			<truncated>0</truncated>
			<difficult>0</difficult>
			<bndbox>
				<xmin>35</xmin>
				<ymin>1</ymin>
				<xmax>87</xmax>
				<ymax>22</ymax>
			</bndbox>
		</object>
		<object>
			<name>green</name>
			<pose>Unspecified</pose>
			<truncated>0</truncated>
			<difficult>0</difficult>
			<bndbox>
				<xmin>80</xmin>
				<ymin>10</ymin>
				<xmax>108</xmax>
				<ymax>44</ymax>
			</bndbox>
		</object>
		<object>
			<name>yellow</name>
			<pose>Unspecified</pose>
			<truncated>0</truncated>
			<difficult>0</difficult>
			<bndbox>
				<xmin>89</xmin>
				<ymin>38</ymin>
				<xmax>110</xmax>
				<ymax>90</ymax>
			</bndbox>
		</object>
	</annotation>
