<?xml version="1.0" encoding="utf-8"?>
	<annotation>
		<folder>driving_annotation_dataset</folder>
		<filename>15_1.jpg</filename>
		<size>
			<width>134</width>
			<height>134</height>
			<depth>3</depth>
		</size>
		<object>
			<name>needle</name>
			<pose>Unspecified</pose>
			<truncated>0</truncated>
			<difficult>0</difficult>
			<bndbox>
				<xmin>99</xmin>
				<ymin>25</ymin>
				<xmax>121</xmax>
				<ymax>43</ymax>
			</bndbox>
		</object>
		<object>
			<name>red</name>
			<pose>Unspecified</pose>
			<truncated>0</truncated>
			<difficult>0</difficult>
			<bndbox>
				<xmin>44</xmin>
				<ymin>2</ymin>
				<xmax>97</xmax>
				<ymax>22</ymax>
			</bndbox>
		</object>
		<object>
			<name>green</name>
			<pose>Unspecified</pose>
			<truncated>0</truncated>
			<difficult>0</difficult>
			<bndbox>
				<xmin>92</xmin>
				<ymin>8</ymin>
				<xmax>127</xmax>
				<ymax>46</ymax>
			</bndbox>
		</object>
		<object>
			<name>yellow</name>
			<pose>Unspecified</pose>
			<truncated>0</truncated>
			<difficult>0</difficult>
			<bndbox>
				<xmin>109</xmin>
				<ymin>38</ymin>
				<xmax>134</xmax>
				<ymax>100</ymax>
			</bndbox>
		</object>
	</annotation>
