<?xml version="1.0" encoding="utf-8"?>
	<annotation>
		<folder>driving_annotation_dataset</folder>
		<filename>160_2.jpg</filename>
		<size>
			<width>132</width>
			<height>132</height>
			<depth>3</depth>
		</size>
		<object>
			<name>needle</name>
			<pose>Unspecified</pose>
			<truncated>0</truncated>
			<difficult>0</difficult>
			<bndbox>
				<xmin>107</xmin>
				<ymin>79</ymin>
				<xmax>129</xmax>
				<ymax>90</ymax>
			</bndbox>
		</object>
		<object>
			<name>red</name>
			<pose>Unspecified</pose>
			<truncated>0</truncated>
			<difficult>0</difficult>
			<bndbox>
				<xmin>89</xmin>
				<ymin>10</ymin>
				<xmax>130</xmax>
				<ymax>54</ymax>
			</bndbox>
		</object>
		<object>
			<name>green</name>
			<pose>Unspecified</pose>
			<truncated>0</truncated>
			<difficult>0</difficult>
			<bndbox>
				<xmin>112</xmin>
				<ymin>53</ymin>
				<xmax>133</xmax>
				<ymax>92</ymax>
			</bndbox>
		</object>
		<object>
			<name>yellow</name>
			<pose>Unspecified</pose>
			<truncated>0</truncated>
			<difficult>0</difficult>
			<bndbox>
				<xmin>80</xmin>
				<ymin>85</ymin>
				<xmax>127</xmax>
				<ymax>133</ymax>
			</bndbox>
		</object>
	</annotation>
