<?xml version="1.0" encoding="utf-8"?>
	<annotation>
		<folder>driving_annotation_dataset</folder>
		<filename>180_1.jpg</filename>
		<size>
			<width>138</width>
			<height>138</height>
			<depth>3</depth>
		</size>
		<object>
			<name>needle</name>
			<pose>Unspecified</pose>
			<truncated>0</truncated>
			<difficult>0</difficult>
			<bndbox>
				<xmin>84</xmin>
				<ymin>85</ymin>
				<xmax>103</xmax>
				<ymax>113</ymax>
			</bndbox>
		</object>
		<object>
			<name>red</name>
			<pose>Unspecified</pose>
			<truncated>0</truncated>
			<difficult>0</difficult>
			<bndbox>
				<xmin>105</xmin>
				<ymin>43</ymin>
				<xmax>131</xmax>
				<ymax>96</ymax>
			</bndbox>
		</object>
		<object>
			<name>green</name>
			<pose>Unspecified</pose>
			<truncated>0</truncated>
			<difficult>0</difficult>
			<bndbox>
				<xmin>87</xmin>
				<ymin>88</ymin>
				<xmax>121</xmax>
				<ymax>120</ymax>
			</bndbox>
		</object>
		<object>
			<name>yellow</name>
			<pose>Unspecified</pose>
			<truncated>0</truncated>
			<difficult>0</difficult>
			<bndbox>
				<xmin>42</xmin>
				<ymin>97</ymin>
				<xmax>92</xmax>
				<ymax>127</ymax>
			</bndbox>
		</object>
	</annotation>
