<?xml version="1.0" encoding="utf-8"?>
	<annotation>
		<folder>driving_annotation_dataset</folder>
		<filename>215_1.jpg</filename>
		<size>
			<width>128</width>
			<height>128</height>
			<depth>3</depth>
		</size>
		<object>
			<name>needle</name>
			<pose>Unspecified</pose>
			<truncated>0</truncated>
			<difficult>0</difficult>
			<bndbox>
				<xmin>89</xmin>
				<ymin>30</ymin>
				<xmax>117</xmax>
				<ymax>52</ymax>
			</bndbox>
		</object>
		<object>
			<name>red</name>
			<pose>Unspecified</pose>
			<truncated>0</truncated>
			<difficult>0</difficult>
			<bndbox>
				<xmin>50</xmin>
				<ymin>6</ymin>
				<xmax>100</xmax>
				<ymax>27</ymax>
			</bndbox>
		</object>
		<object>
			<name>green</name>
			<pose>Unspecified</pose>
			<truncated>0</truncated>
			<difficult>0</difficult>
			<bndbox>
				<xmin>92</xmin>
				<ymin>13</ymin>
				<xmax>122</xmax>
				<ymax>45</ymax>
			</bndbox>
		</object>
		<object>
			<name>yellow</name>
			<pose>Unspecified</pose>
			<truncated>0</truncated>
			<difficult>0</difficult>
			<bndbox>
				<xmin>103</xmin>
				<ymin>44</ymin>
				<xmax>126</xmax>
				<ymax>94</ymax>
			</bndbox>
		</object>
	</annotation>
