<?xml version="1.0" encoding="utf-8"?>
	<annotation>
		<folder>driving_annotation_dataset</folder>
		<filename>265_1.jpg</filename>
		<size>
			<width>108</width>
			<height>108</height>
			<depth>3</depth>
		</size>
		<object>
			<name>needle</name>
			<pose>Unspecified</pose>
			<truncated>0</truncated>
			<difficult>0</difficult>
			<bndbox>
				<xmin>6</xmin>
				<ymin>64</ymin>
				<xmax>34</xmax>
				<ymax>87</ymax>
			</bndbox>
		</object>
		<object>
			<name>red</name>
			<pose>Unspecified</pose>
			<truncated>0</truncated>
			<difficult>0</difficult>
			<bndbox>
				<xmin>24</xmin>
				<ymin>88</ymin>
				<xmax>75</xmax>
				<ymax>108</ymax>
			</bndbox>
		</object>
		<object>
			<name>green</name>
			<pose>Unspecified</pose>
			<truncated>0</truncated>
			<difficult>0</difficult>
			<bndbox>
				<xmin>3</xmin>
				<ymin>66</ymin>
				<xmax>31</xmax>
				<ymax>100</ymax>
			</bndbox>
		</object>
		<object>
			<name>yellow</name>
			<pose>Unspecified</pose>
			<truncated>0</truncated>
			<difficult>0</difficult>
			<bndbox>
				<xmin>2</xmin>
				<ymin>22</ymin>
				<xmax>22</xmax>
				<ymax>69</ymax>
			</bndbox>
		</object>
	</annotation>
