<?xml version="1.0" encoding="utf-8"?>
	<annotation>
		<folder>driving_annotation_dataset</folder>
		<filename>275_1.jpg</filename>
		<size>
			<width>112</width>
			<height>112</height>
			<depth>3</depth>
		</size>
		<object>
			<name>red</name>
			<pose>Unspecified</pose>
			<truncated>0</truncated>
			<difficult>0</difficult>
			<bndbox>
				<xmin>43</xmin>
				<ymin>1</ymin>
				<xmax>88</xmax>
				<ymax>17</ymax>
			</bndbox>
		</object>
		<object>
			<name>needle</name>
			<pose>Unspecified</pose>
			<truncated>0</truncated>
			<difficult>0</difficult>
			<bndbox>
				<xmin>86</xmin>
				<ymin>27</ymin>
				<xmax>104</xmax>
				<ymax>40</ymax>
			</bndbox>
		</object>
		<object>
			<name>green</name>
			<pose>Unspecified</pose>
			<truncated>0</truncated>
			<difficult>0</difficult>
			<bndbox>
				<xmin>83</xmin>
				<ymin>13</ymin>
				<xmax>107</xmax>
				<ymax>37</ymax>
			</bndbox>
		</object>
		<object>
			<name>yellow</name>
			<pose>Unspecified</pose>
			<truncated>0</truncated>
			<difficult>0</difficult>
			<bndbox>
				<xmin>94</xmin>
				<ymin>34</ymin>
				<xmax>110</xmax>
				<ymax>83</ymax>
			</bndbox>
		</object>
	</annotation>
