<?xml version="1.0" encoding="utf-8"?>
	<annotation>
		<folder>driving_annotation_dataset</folder>
		<filename>320_1.jpg</filename>
		<size>
			<width>134</width>
			<height>134</height>
			<depth>3</depth>
		</size>
		<object>
			<name>red</name>
			<pose>Unspecified</pose>
			<truncated>0</truncated>
			<difficult>0</difficult>
			<bndbox>
				<xmin>102</xmin>
				<ymin>39</ymin>
				<xmax>126</xmax>
				<ymax>90</ymax>
			</bndbox>
		</object>
		<object>
			<name>needle</name>
			<pose>Unspecified</pose>
			<truncated>0</truncated>
			<difficult>0</difficult>
			<bndbox>
				<xmin>78</xmin>
				<ymin>82</ymin>
				<xmax>98</xmax>
				<ymax>111</ymax>
			</bndbox>
		</object>
		<object>
			<name>green</name>
			<pose>Unspecified</pose>
			<truncated>0</truncated>
			<difficult>0</difficult>
			<bndbox>
				<xmin>83</xmin>
				<ymin>85</ymin>
				<xmax>116</xmax>
				<ymax>114</ymax>
			</bndbox>
		</object>
		<object>
			<name>yellow</name>
			<pose>Unspecified</pose>
			<truncated>0</truncated>
			<difficult>0</difficult>
			<bndbox>
				<xmin>39</xmin>
				<ymin>94</ymin>
				<xmax>87</xmax>
				<ymax>120</ymax>
			</bndbox>
		</object>
	</annotation>
