<?xml version="1.0" encoding="utf-8"?>
	<annotation>
		<folder>driving_annotation_dataset</folder>
		<filename>320_2.jpg</filename>
		<size>
			<width>120</width>
			<height>120</height>
			<depth>3</depth>
		</size>
		<object>
			<name>red</name>
			<pose>Unspecified</pose>
			<truncated>0</truncated>
			<difficult>0</difficult>
			<bndbox>
				<xmin>78</xmin>
				<ymin>6</ymin>
				<xmax>119</xmax>
				<ymax>48</ymax>
			</bndbox>
		</object>
		<object>
			<name>green</name>
			<pose>Unspecified</pose>
			<truncated>0</truncated>
			<difficult>0</difficult>
			<bndbox>
				<xmin>103</xmin>
				<ymin>46</ymin>
				<xmax>121</xmax>
				<ymax>79</ymax>
			</bndbox>
		</object>
		<object>
			<name>yellow</name>
			<pose>Unspecified</pose>
			<truncated>0</truncated>
			<difficult>0</difficult>
			<bndbox>
				<xmin>70</xmin>
				<ymin>76</ymin>
				<xmax>118</xmax>
				<ymax>119</ymax>
			</bndbox>
		</object>
	</annotation>
