<?xml version="1.0" encoding="utf-8"?>
	<annotation>
		<folder>driving_annotation_dataset</folder>
		<filename>355_1.jpg</filename>
		<size>
			<width>124</width>
			<height>124</height>
			<depth>3</depth>
		</size>
		<object>
			<name>needle</name>
			<pose>Unspecified</pose>
			<truncated>0</truncated>
			<difficult>0</difficult>
			<bndbox>
				<xmin>83</xmin>
				<ymin>25</ymin>
				<xmax>108</xmax>
				<ymax>42</ymax>
			</bndbox>
		</object>
		<object>
			<name>red</name>
			<pose>Unspecified</pose>
			<truncated>0</truncated>
			<difficult>0</difficult>
			<bndbox>
				<xmin>39</xmin>
				<ymin>1</ymin>
				<xmax>90</xmax>
				<ymax>20</ymax>
			</bndbox>
		</object>
		<object>
			<name>green</name>
			<pose>Unspecified</pose>
			<truncated>0</truncated>
			<difficult>0</difficult>
			<bndbox>
				<xmin>81</xmin>
				<ymin>7</ymin>
				<xmax>114</xmax>
				<ymax>37</ymax>
			</bndbox>
		</object>
		<object>
			<name>yellow</name>
			<pose>Unspecified</pose>
			<truncated>0</truncated>
			<difficult>0</difficult>
			<bndbox>
				<xmin>95</xmin>
				<ymin>35</ymin>
				<xmax>119</xmax>
				<ymax>90</ymax>
			</bndbox>
		</object>
	</annotation>
