<?xml version="1.0" encoding="utf-8"?>
	<annotation>
		<folder>driving_annotation_dataset</folder>
		<filename>355_2.jpg</filename>
		<size>
			<width>128</width>
			<height>128</height>
			<depth>3</depth>
		</size>
		<object>
			<name>red</name>
			<pose>Unspecified</pose>
			<truncated>0</truncated>
			<difficult>0</difficult>
			<bndbox>
				<xmin>12</xmin>
				<ymin>3</ymin>
				<xmax>58</xmax>
				<ymax>51</ymax>
			</bndbox>
		</object>
		<object>
			<name>green</name>
			<pose>Unspecified</pose>
			<truncated>0</truncated>
			<difficult>0</difficult>
			<bndbox>
				<xmin>57</xmin>
				<ymin>1</ymin>
				<xmax>95</xmax>
				<ymax>25</ymax>
			</bndbox>
		</object>
		<object>
			<name>yellow</name>
			<pose>Unspecified</pose>
			<truncated>0</truncated>
			<difficult>0</difficult>
			<bndbox>
				<xmin>89</xmin>
				<ymin>9</ymin>
				<xmax>129</xmax>
				<ymax>61</ymax>
			</bndbox>
		</object>
	</annotation>
