<?xml version="1.0" encoding="utf-8"?>
	<annotation>
		<folder>driving_annotation_dataset</folder>
		<filename>35_2.jpg</filename>
		<size>
			<width>138</width>
			<height>138</height>
			<depth>3</depth>
		</size>
		<object>
			<name>needle</name>
			<pose>Unspecified</pose>
			<truncated>0</truncated>
			<difficult>0</difficult>
			<bndbox>
				<xmin>89</xmin>
				<ymin>6</ymin>
				<xmax>97</xmax>
				<ymax>36</ymax>
			</bndbox>
		</object>
		<object>
			<name>red</name>
			<pose>Unspecified</pose>
			<truncated>0</truncated>
			<difficult>0</difficult>
			<bndbox>
				<xmin>13</xmin>
				<ymin>3</ymin>
				<xmax>62</xmax>
				<ymax>51</ymax>
			</bndbox>
		</object>
		<object>
			<name>green</name>
			<pose>Unspecified</pose>
			<truncated>0</truncated>
			<difficult>0</difficult>
			<bndbox>
				<xmin>58</xmin>
				<ymin>2</ymin>
				<xmax>98</xmax>
				<ymax>26</ymax>
			</bndbox>
		</object>
		<object>
			<name>yellow</name>
			<pose>Unspecified</pose>
			<truncated>0</truncated>
			<difficult>0</difficult>
			<bndbox>
				<xmin>96</xmin>
				<ymin>10</ymin>
				<xmax>137</xmax>
				<ymax>59</ymax>
			</bndbox>
		</object>
	</annotation>
