<?xml version="1.0" encoding="utf-8"?>
	<annotation>
		<folder>driving_annotation_dataset</folder>
		<filename>375_2.jpg</filename>
		<size>
			<width>142</width>
			<height>142</height>
			<depth>3</depth>
		</size>
		<object>
			<name>needle</name>
			<pose>Unspecified</pose>
			<truncated>0</truncated>
			<difficult>0</difficult>
			<bndbox>
				<xmin>84</xmin>
				<ymin>4</ymin>
				<xmax>93</xmax>
				<ymax>36</ymax>
			</bndbox>
		</object>
		<object>
			<name>yellow</name>
			<pose>Unspecified</pose>
			<truncated>0</truncated>
			<difficult>0</difficult>
			<bndbox>
				<xmin>91</xmin>
				<ymin>6</ymin>
				<xmax>136</xmax>
				<ymax>53</ymax>
			</bndbox>
		</object>
		<object>
			<name>green</name>
			<pose>Unspecified</pose>
			<truncated>0</truncated>
			<difficult>0</difficult>
			<bndbox>
				<xmin>56</xmin>
				<ymin>2</ymin>
				<xmax>96</xmax>
				<ymax>21</ymax>
			</bndbox>
		</object>
		<object>
			<name>red</name>
			<pose>Unspecified</pose>
			<truncated>0</truncated>
			<difficult>0</difficult>
			<bndbox>
				<xmin>18</xmin>
				<ymin>4</ymin>
				<xmax>59</xmax>
				<ymax>44</ymax>
			</bndbox>
		</object>
	</annotation>
