<?xml version="1.0" encoding="utf-8"?>
	<annotation>
		<folder>driving_annotation_dataset</folder>
		<filename>40_1.jpg</filename>
		<size>
			<width>134</width>
			<height>134</height>
			<depth>3</depth>
		</size>
		<object>
			<name>needle</name>
			<pose>Unspecified</pose>
			<truncated>0</truncated>
			<difficult>0</difficult>
			<bndbox>
				<xmin>86</xmin>
				<ymin>92</ymin>
				<xmax>108</xmax>
				<ymax>122</ymax>
			</bndbox>
		</object>
		<object>
			<name>red</name>
			<pose>Unspecified</pose>
			<truncated>0</truncated>
			<difficult>0</difficult>
			<bndbox>
				<xmin>111</xmin>
				<ymin>41</ymin>
				<xmax>135</xmax>
				<ymax>100</ymax>
			</bndbox>
		</object>
		<object>
			<name>green</name>
			<pose>Unspecified</pose>
			<truncated>0</truncated>
			<difficult>0</difficult>
			<bndbox>
				<xmin>89</xmin>
				<ymin>90</ymin>
				<xmax>125</xmax>
				<ymax>129</ymax>
			</bndbox>
		</object>
		<object>
			<name>yellow</name>
			<pose>Unspecified</pose>
			<truncated>0</truncated>
			<difficult>0</difficult>
			<bndbox>
				<xmin>38</xmin>
				<ymin>106</ymin>
				<xmax>97</xmax>
				<ymax>134</ymax>
			</bndbox>
		</object>
	</annotation>
