<?xml version="1.0" encoding="utf-8"?>
	<annotation>
		<folder>driving_annotation_dataset</folder>
		<filename>410_1.jpg</filename>
		<size>
			<width>138</width>
			<height>138</height>
			<depth>3</depth>
		</size>
		<object>
			<name>needle</name>
			<pose>Unspecified</pose>
			<truncated>0</truncated>
			<difficult>0</difficult>
			<bndbox>
				<xmin>37</xmin>
				<ymin>23</ymin>
				<xmax>58</xmax>
				<ymax>52</ymax>
			</bndbox>
		</object>
		<object>
			<name>red</name>
			<pose>Unspecified</pose>
			<truncated>0</truncated>
			<difficult>0</difficult>
			<bndbox>
				<xmin>5</xmin>
				<ymin>43</ymin>
				<xmax>34</xmax>
				<ymax>96</ymax>
			</bndbox>
		</object>
		<object>
			<name>green</name>
			<pose>Unspecified</pose>
			<truncated>0</truncated>
			<difficult>0</difficult>
			<bndbox>
				<xmin>20</xmin>
				<ymin>17</ymin>
				<xmax>55</xmax>
				<ymax>49</ymax>
			</bndbox>
		</object>
		<object>
			<name>yellow</name>
			<pose>Unspecified</pose>
			<truncated>0</truncated>
			<difficult>0</difficult>
			<bndbox>
				<xmin>50</xmin>
				<ymin>11</ymin>
				<xmax>100</xmax>
				<ymax>39</ymax>
			</bndbox>
		</object>
	</annotation>
