<?xml version="1.0" encoding="utf-8"?>
	<annotation>
		<folder>driving_annotation_dataset</folder>
		<filename>515_2.jpg</filename>
		<size>
			<width>126</width>
			<height>126</height>
			<depth>3</depth>
		</size>
		<object>
			<name>needle</name>
			<pose>Unspecified</pose>
			<truncated>0</truncated>
			<difficult>0</difficult>
			<bndbox>
				<xmin>80</xmin>
				<ymin>8</ymin>
				<xmax>90</xmax>
				<ymax>40</ymax>
			</bndbox>
		</object>
		<object>
			<name>red</name>
			<pose>Unspecified</pose>
			<truncated>0</truncated>
			<difficult>0</difficult>
			<bndbox>
				<xmin>13</xmin>
				<ymin>3</ymin>
				<xmax>59</xmax>
				<ymax>45</ymax>
			</bndbox>
		</object>
		<object>
			<name>green</name>
			<pose>Unspecified</pose>
			<truncated>0</truncated>
			<difficult>0</difficult>
			<bndbox>
				<xmin>55</xmin>
				<ymin>1</ymin>
				<xmax>92</xmax>
				<ymax>27</ymax>
			</bndbox>
		</object>
		<object>
			<name>yellow</name>
			<pose>Unspecified</pose>
			<truncated>0</truncated>
			<difficult>0</difficult>
			<bndbox>
				<xmin>85</xmin>
				<ymin>8</ymin>
				<xmax>125</xmax>
				<ymax>56</ymax>
			</bndbox>
		</object>
	</annotation>
