<?xml version="1.0" encoding="utf-8"?>
	<annotation>
		<folder>driving_annotation_dataset</folder>
		<filename>545_1.jpg</filename>
		<size>
			<width>130</width>
			<height>130</height>
			<depth>3</depth>
		</size>
		<object>
			<name>needle</name>
			<pose>Unspecified</pose>
			<truncated>0</truncated>
			<difficult>0</difficult>
			<bndbox>
				<xmin>22</xmin>
				<ymin>81</ymin>
				<xmax>44</xmax>
				<ymax>101</ymax>
			</bndbox>
		</object>
		<object>
			<name>red</name>
			<pose>Unspecified</pose>
			<truncated>0</truncated>
			<difficult>0</difficult>
			<bndbox>
				<xmin>41</xmin>
				<ymin>104</ymin>
				<xmax>91</xmax>
				<ymax>129</ymax>
			</bndbox>
		</object>
		<object>
			<name>green</name>
			<pose>Unspecified</pose>
			<truncated>0</truncated>
			<difficult>0</difficult>
			<bndbox>
				<xmin>17</xmin>
				<ymin>83</ymin>
				<xmax>49</xmax>
				<ymax>118</ymax>
			</bndbox>
		</object>
		<object>
			<name>yellow</name>
			<pose>Unspecified</pose>
			<truncated>0</truncated>
			<difficult>0</difficult>
			<bndbox>
				<xmin>5</xmin>
				<ymin>38</ymin>
				<xmax>35</xmax>
				<ymax>87</ymax>
			</bndbox>
		</object>
	</annotation>
