<?xml version="1.0" encoding="utf-8"?>
	<annotation>
		<folder>driving_annotation_dataset</folder>
		<filename>560_2.jpg</filename>
		<size>
			<width>142</width>
			<height>142</height>
			<depth>3</depth>
		</size>
		<object>
			<name>red</name>
			<pose>Unspecified</pose>
			<truncated>0</truncated>
			<difficult>0</difficult>
			<bndbox>
				<xmin>94</xmin>
				<ymin>16</ymin>
				<xmax>135</xmax>
				<ymax>56</ymax>
			</bndbox>
		</object>
		<object>
			<name>green</name>
			<pose>Unspecified</pose>
			<truncated>0</truncated>
			<difficult>0</difficult>
			<bndbox>
				<xmin>112</xmin>
				<ymin>55</ymin>
				<xmax>136</xmax>
				<ymax>93</ymax>
			</bndbox>
		</object>
		<object>
			<name>yellow</name>
			<pose>Unspecified</pose>
			<truncated>0</truncated>
			<difficult>0</difficult>
			<bndbox>
				<xmin>83</xmin>
				<ymin>86</ymin>
				<xmax>130</xmax>
				<ymax>129</ymax>
			</bndbox>
		</object>
	</annotation>
