<?xml version="1.0" encoding="utf-8"?>
	<annotation>
		<folder>driving_annotation_dataset</folder>
		<filename>565_1.jpg</filename>
		<size>
			<width>134</width>
			<height>134</height>
			<depth>3</depth>
		</size>
		<object>
			<name>needle</name>
			<pose>Unspecified</pose>
			<truncated>0</truncated>
			<difficult>0</difficult>
			<bndbox>
				<xmin>23</xmin>
				<ymin>80</ymin>
				<xmax>48</xmax>
				<ymax>99</ymax>
			</bndbox>
		</object>
		<object>
			<name>red</name>
			<pose>Unspecified</pose>
			<truncated>0</truncated>
			<difficult>0</difficult>
			<bndbox>
				<xmin>43</xmin>
				<ymin>100</ymin>
				<xmax>94</xmax>
				<ymax>125</ymax>
			</bndbox>
		</object>
		<object>
			<name>green</name>
			<pose>Unspecified</pose>
			<truncated>0</truncated>
			<difficult>0</difficult>
			<bndbox>
				<xmin>17</xmin>
				<ymin>82</ymin>
				<xmax>51</xmax>
				<ymax>117</ymax>
			</bndbox>
		</object>
		<object>
			<name>yellow</name>
			<pose>Unspecified</pose>
			<truncated>0</truncated>
			<difficult>0</difficult>
			<bndbox>
				<xmin>10</xmin>
				<ymin>35</ymin>
				<xmax>38</xmax>
				<ymax>86</ymax>
			</bndbox>
		</object>
	</annotation>
