<?xml version="1.0" encoding="utf-8"?>
	<annotation>
		<folder>driving_annotation_dataset</folder>
		<filename>585_1.jpg</filename>
		<size>
			<width>134</width>
			<height>134</height>
			<depth>3</depth>
		</size>
		<object>
			<name>needle</name>
			<pose>Unspecified</pose>
			<truncated>0</truncated>
			<difficult>0</difficult>
			<bndbox>
				<xmin>23</xmin>
				<ymin>79</ymin>
				<xmax>48</xmax>
				<ymax>97</ymax>
			</bndbox>
		</object>
		<object>
			<name>red</name>
			<pose>Unspecified</pose>
			<truncated>0</truncated>
			<difficult>0</difficult>
			<bndbox>
				<xmin>43</xmin>
				<ymin>102</ymin>
				<xmax>92</xmax>
				<ymax>126</ymax>
			</bndbox>
		</object>
		<object>
			<name>green</name>
			<pose>Unspecified</pose>
			<truncated>0</truncated>
			<difficult>0</difficult>
			<bndbox>
				<xmin>17</xmin>
				<ymin>82</ymin>
				<xmax>48</xmax>
				<ymax>117</ymax>
			</bndbox>
		</object>
		<object>
			<name>yellow</name>
			<pose>Unspecified</pose>
			<truncated>0</truncated>
			<difficult>0</difficult>
			<bndbox>
				<xmin>9</xmin>
				<ymin>34</ymin>
				<xmax>36</xmax>
				<ymax>86</ymax>
			</bndbox>
		</object>
	</annotation>
