<?xml version="1.0" encoding="utf-8"?>
	<annotation>
		<folder>driving_annotation_dataset</folder>
		<filename>600_1.jpg</filename>
		<size>
			<width>132</width>
			<height>132</height>
			<depth>3</depth>
		</size>
		<object>
			<name>needle</name>
			<pose>Unspecified</pose>
			<truncated>0</truncated>
			<difficult>0</difficult>
			<bndbox>
				<xmin>80</xmin>
				<ymin>83</ymin>
				<xmax>101</xmax>
				<ymax>113</ymax>
			</bndbox>
		</object>
		<object>
			<name>red</name>
			<pose>Unspecified</pose>
			<truncated>0</truncated>
			<difficult>0</difficult>
			<bndbox>
				<xmin>104</xmin>
				<ymin>41</ymin>
				<xmax>127</xmax>
				<ymax>92</ymax>
			</bndbox>
		</object>
		<object>
			<name>green</name>
			<pose>Unspecified</pose>
			<truncated>0</truncated>
			<difficult>0</difficult>
			<bndbox>
				<xmin>85</xmin>
				<ymin>87</ymin>
				<xmax>119</xmax>
				<ymax>117</ymax>
			</bndbox>
		</object>
		<object>
			<name>yellow</name>
			<pose>Unspecified</pose>
			<truncated>0</truncated>
			<difficult>0</difficult>
			<bndbox>
				<xmin>39</xmin>
				<ymin>98</ymin>
				<xmax>89</xmax>
				<ymax>123</ymax>
			</bndbox>
		</object>
	</annotation>
