<?xml version="1.0" encoding="utf-8"?>
	<annotation>
		<folder>driving_annotation_dataset</folder>
		<filename>60_2.jpg</filename>
		<size>
			<width>138</width>
			<height>138</height>
			<depth>3</depth>
		</size>
		<object>
			<name>red</name>
			<pose>Unspecified</pose>
			<truncated>0</truncated>
			<difficult>0</difficult>
			<bndbox>
				<xmin>91</xmin>
				<ymin>14</ymin>
				<xmax>137</xmax>
				<ymax>61</ymax>
			</bndbox>
		</object>
		<object>
			<name>needle</name>
			<pose>Unspecified</pose>
			<truncated>0</truncated>
			<difficult>0</difficult>
			<bndbox>
				<xmin>103</xmin>
				<ymin>86</ymin>
				<xmax>131</xmax>
				<ymax>100</ymax>
			</bndbox>
		</object>
		<object>
			<name>green</name>
			<pose>Unspecified</pose>
			<truncated>0</truncated>
			<difficult>0</difficult>
			<bndbox>
				<xmin>113</xmin>
				<ymin>55</ymin>
				<xmax>138</xmax>
				<ymax>101</ymax>
			</bndbox>
		</object>
		<object>
			<name>yellow</name>
			<pose>Unspecified</pose>
			<truncated>0</truncated>
			<difficult>0</difficult>
			<bndbox>
				<xmin>78</xmin>
				<ymin>92</ymin>
				<xmax>131</xmax>
				<ymax>137</ymax>
			</bndbox>
		</object>
	</annotation>
