<?xml version="1.0" encoding="utf-8"?>
	<annotation>
		<folder>driving_annotation_dataset</folder>
		<filename>635_2.jpg</filename>
		<size>
			<width>132</width>
			<height>132</height>
			<depth>3</depth>
		</size>
		<object>
			<name>needle</name>
			<pose>Unspecified</pose>
			<truncated>0</truncated>
			<difficult>0</difficult>
			<bndbox>
				<xmin>82</xmin>
				<ymin>17</ymin>
				<xmax>92</xmax>
				<ymax>46</ymax>
			</bndbox>
		</object>
		<object>
			<name>red</name>
			<pose>Unspecified</pose>
			<truncated>0</truncated>
			<difficult>0</difficult>
			<bndbox>
				<xmin>14</xmin>
				<ymin>14</ymin>
				<xmax>62</xmax>
				<ymax>57</ymax>
			</bndbox>
		</object>
		<object>
			<name>green</name>
			<pose>Unspecified</pose>
			<truncated>0</truncated>
			<difficult>0</difficult>
			<bndbox>
				<xmin>59</xmin>
				<ymin>8</ymin>
				<xmax>100</xmax>
				<ymax>34</ymax>
			</bndbox>
		</object>
		<object>
			<name>yellow</name>
			<pose>Unspecified</pose>
			<truncated>0</truncated>
			<difficult>0</difficult>
			<bndbox>
				<xmin>92</xmin>
				<ymin>18</ymin>
				<xmax>129</xmax>
				<ymax>65</ymax>
			</bndbox>
		</object>
	</annotation>
