<?xml version="1.0" encoding="utf-8"?>
	<annotation>
		<folder>driving_annotation_dataset</folder>
		<filename>75_2.jpg</filename>
		<size>
			<width>136</width>
			<height>136</height>
			<depth>3</depth>
		</size>
		<object>
			<name>needle</name>
			<pose>Unspecified</pose>
			<truncated>0</truncated>
			<difficult>0</difficult>
			<bndbox>
				<xmin>86</xmin>
				<ymin>5</ymin>
				<xmax>98</xmax>
				<ymax>38</ymax>
			</bndbox>
		</object>
		<object>
			<name>red</name>
			<pose>Unspecified</pose>
			<truncated>0</truncated>
			<difficult>0</difficult>
			<bndbox>
				<xmin>7</xmin>
				<ymin>2</ymin>
				<xmax>59</xmax>
				<ymax>48</ymax>
			</bndbox>
		</object>
		<object>
			<name>green</name>
			<pose>Unspecified</pose>
			<truncated>0</truncated>
			<difficult>0</difficult>
			<bndbox>
				<xmin>58</xmin>
				<ymin>2</ymin>
				<xmax>98</xmax>
				<ymax>25</ymax>
			</bndbox>
		</object>
		<object>
			<name>yellow</name>
			<pose>Unspecified</pose>
			<truncated>0</truncated>
			<difficult>0</difficult>
			<bndbox>
				<xmin>92</xmin>
				<ymin>8</ymin>
				<xmax>137</xmax>
				<ymax>61</ymax>
			</bndbox>
		</object>
	</annotation>
