<?xml version="1.0" encoding="utf-8"?>
	<annotation>
		<folder>driving_annotation_dataset</folder>
		<filename>90_2.jpg</filename>
		<size>
			<width>134</width>
			<height>134</height>
			<depth>3</depth>
		</size>
		<object>
			<name>red</name>
			<pose>Unspecified</pose>
			<truncated>0</truncated>
			<difficult>0</difficult>
			<bndbox>
				<xmin>1</xmin>
				<ymin>77</ymin>
				<xmax>43</xmax>
				<ymax>122</ymax>
			</bndbox>
		</object>
		<object>
			<name>green</name>
			<pose>Unspecified</pose>
			<truncated>0</truncated>
			<difficult>0</difficult>
			<bndbox>
				<xmin>1</xmin>
				<ymin>40</ymin>
				<xmax>23</xmax>
				<ymax>78</ymax>
			</bndbox>
		</object>
		<object>
			<name>yellow</name>
			<pose>Unspecified</pose>
			<truncated>0</truncated>
			<difficult>0</difficult>
			<bndbox>
				<xmin>8</xmin>
				<ymin>1</ymin>
				<xmax>57</xmax>
				<ymax>46</ymax>
			</bndbox>
		</object>
	</annotation>
